SEQUENCE_NUM,HOST,STATEMENT_ID,USER_NAME,CONNECTION_STATUS,TRANSACTION_ID,LAST_EXECUTED_TIME,ALLOC_MEM(GB),USED_MEM(GB),STATEMENT_STRING,TOTAL_EXECUTION_TIME,CONNECTION_ID,DI_LOAD_TIMESTAMP,COMPILED_TIME,CURRENT_DATETIME
16,hpiq5bdb01,9.56596E+14,24090385,RUNNING,290,2021.01.12 15:17:55,58.56,58.56,"SELECT TOP 5000 ""FI_DOC_S"", ""CC_S"", ""POSTING_PER"", ""FISCYEAR_S"", ""TRAD_PART_S"", ""INVOICE_S"", ""ZETLLDDAT"", ""ZETLLDTIM"", ""0DEB_CRE_DC_S"", ""FI_DOC_B"", ""DOC_TYP_B"", ""CC_B"", ""FISCYEAR_B"", ""TRAD_PART_B"", ""INVOICE_B"", ""VENDOR"", ""VENDOR_TEXT"", ""0DEB_CRE_DC_B"", ""POSTING_DATE_B"", ""CUSTOMER_S"", ""CUST_TEXT_S"", ""SALES_ORDER"", ""MATERIAL_S"", ""MATERIAL_TEXT_S"", ""PROFIT_CTR_S"", ""MATERIAL_B"", ""MATERIAL_TEXT_B"", ""PO"", ""PROFIT_CTR_B"", ""BUYER_IC_LOM_EXP"", ""ORD_REASON"", ""ORD_TEXT"", ""ORD_REASON_TEXT"", ""QTY_B"", ""BUYER_IC_LOM_INC"", ""SELLER_REVENUE"", ""QTY_S"", ""SELLER_IC_TR_DISC"", ""SELLER_IC_FUNDING_DISC"", ""SELLER_IC_COGS1"", ""DOC_TYP_S"", ""POSTING_DATE_S"", ""SO_TYPE"", ""SOLD_TO"", ""0DELIV_NUMB"", ""SELLER_IC_COGS2"", ""BUYER_IMPLIED_LOM"", ""SELLER_IC_COGS"", ""SELLER_NET_LOM"", ""BUYER_NET_LOM"", ""DIFFERENCE"" FROM ""_SYS_BIC"".""HP_ERP.Personal-Systems.Data-Mart.RTR/OCRTRD102_V1""",0,222724,2021.01.12 15:20:16,2021.01.12 15:17:55,2021.01.12 15:20:15
10,hpiq5bdb01,9.53942E+14,SAPABAP1,RUNNING,98,2021.01.12 15:05:04,0,0,"/* procedure: ""ODW_COMMON"".""HP_ERP.Personal-Systems.Propagation-1.SD::SP_OPEN_ORDERS_SHIPMENTS_ALLOCATION"" variable: ALLOC_ line: 736 col: 3 (at pos 21995), procedure: ""ODW_COMMON"".""HP_ERP.Personal-Systems.Propagation-1.SD::SP_OPEN_ORDERS_SHIPMENTS_ALLOCATION"" variable: ALLOC_ line: 15 col: 10 (at pos 406), procedure: ""ODW_COMMON"".""HP_ERP.Personal-Systems.Propagation-1.SD::SP_OPEN_ORDERS_SHIPMENTS_ALLOCATION"" variable: ALLOC_O line: 295 col: 3 (at pos 9301), procedure: ""ODW_COMMON"".""HP_ERP.Personal-Systems.Propagation-1.SD::SP_OPEN_ORDERS_SHIPMENTS_ALLOCATION"" variable: ALLOC_O line: 295 col: 3 (at pos 9301), procedure: ""ODW_COMMON"".""HP_ERP.Personal-Systems.Propagation-1.SD::SP_OPEN_ORDERS_SHIPMENTS_ALLOCATION"" variable: ALLOC_O line: 380 col: 3 (at pos 11309), procedure: ""ODW_COMMON"".""HP_ERP.Personal-Systems.Propagation-1.SD::SP_OPEN_ORDERS_SHIPMENTS_ALLOCATION"" variable: ALLOC_O line: 380 col: 3 (at pos 11309), procedure: ""ODW_COMMON"".""HP_ERP.Personal-Systems.Propagation-1.SD::SP_OPEN_ORDERS_SHIPMENTS_ALLOCATION"" variable: ALLOC_O1 line: 532 col: 3 (at pos 15994), procedure: ""ODW_COMMON"".""HP_ERP.Personal-Systems.Propagation-1.SD::SP_OPEN_ORDERS_SHIPMENTS_ALLOCATION"" variable: ALLOC_O1 line: 532 col: 3 (at pos 15994), procedure: ""ODW_COMMON"".""HP_ERP.Personal-Systems.Propagation-1.SD::SP_OPEN_ORDERS_SHIPMENTS_ALLOCATION"" variable: ALLOC_O2 line: 573 col: 3 (at pos 17785), procedure: ""ODW_COMMON"".""HP_ERP.Personal-Systems.Propagation-1.SD::SP_OPEN_ORDERS_SHIPMENTS_ALLOCATION"" variable: ALLOC_O2 line: 573 col: 3 (at pos 17785), procedure: ""ODW_COMMON"".""HP_ERP.Personal-Systems.Propagation-1.SD::SP_OPEN_ORDERS_SHIPMENTS_ALLOCATION"" variable: ALLOC_O3 line: 595 col: 3 (at pos 18608), procedure: ""ODW_COMMON"".""HP_ERP.Personal-Systems.Propagation-1.SD::SP_OPEN_ORDERS_SHIPMENTS_ALLOCATION"" variable: ALLOC_O3 line: 595 col: 3 (at pos 18608), procedure: ""ODW_COMMON"".""HP_ERP.Personal-Systems.Propagation-1.SD::SP_OPEN_ORDERS_SHIPMENTS_ALLOCATION"" variable: ALLOC_O4 line: 665 col: 3 (at pos 20332), procedure: ""ODW_COMMON"".""HP_ERP.Personal-Systems.Propagation-1.SD::SP_OPEN_ORDERS_SHIPMENTS_ALLOCATION"" variable: ALLOC_O4 line: 665 col: 3 (at pos 20332), procedure: ""ODW_COMMON"".""HP_ERP.Personal-Systems.Propagation-1.SD::SP_OPEN_ORDERS_SHIPMENTS_ALLOCATION"" variable: ALLOC_ line: 736 col: 3 (at pos 21995) */ WITH ""_SYS_ALLOC__1"" AS (SELECT TOP 0  CAST(NULL AS NVARCHAR(10))  ""VBELN"",  CAST(NULL AS NVARCHAR(6))  ""POSNR"",  CAST(NULL AS VARCHAR(4))  ""ETENR"",  CAST(NULL AS NVARCHAR(10))  ""LIKP_VBELN"",  CAST(NULL AS NVARCHAR(6))  ""LIPS_POSNR"",  CAST(NULL AS DATE)  ""EDATU"",  CAST(NULL AS DATE)  ""WADAT_IST"",  CAST(NULL AS DATE)  ""LIKP_PODAT"",  CAST(NULL AS DATE)  ""ERDAT"",  CAST(NULL AS INT)  ""LTT_DAYS"",  CAST(NULL AS INT)  ""OTS_DAYS"",  CAST(NULL AS INT)  ""OTD_DAYS"",  CAST(NULL AS DECIMAL(13,3))  ""WMENG"",  CAST(NULL AS DECIMAL(13,3))  ""BMENG"",  CAST(NULL AS DECIMAL(13,3))  ""LFIMG"",  CAST(NULL AS NVARCHAR(1))  ""WBSTA"",  CAST(NULL AS DECIMAL(13,3))  ""CONF_BKLG_W_DELV"",  CAST(NULL AS DECIMAL(13,3))  ""CONF_BKLG_WO_DELV"",  CAST(NULL AS DECIMAL(13,3))  ""UNCONF_BKLG"",  CAST(NULL AS DECIMAL(13,3))  ""TOT_CONF_QTY"",  CAST(NULL AS NVARCHAR(4))  ""VBAP_WERKS"",  CAST(NULL AS NVARCHAR(6))  ""VBAP_LGORT"",  CAST(NULL AS NVARCHAR(10))  ""VBAP_PRCTR"",  CAST(NULL AS NVARCHAR(2))  ""VBAP_GBSTA"",  CAST(NULL AS NVARCHAR(2))  ""VBAK_ABSTK"",  CAST(NULL AS NVARCHAR(2))  ""VBAP_ABSTA"",  CAST(NULL AS NVARCHAR(2))  ""VBAK_LIFSK"",  CAST(NULL AS NVARCHAR(4))  ""VBAP_LSSTA"",  CAST(NULL AS NVARCHAR(4))  ""VBEP_LIFSP"",  CAST(NULL AS NVARCHAR(40))  ""MARA_EXTWG"",  CAST(NULL AS NVARCHAR(40))  ""VBAP_MATNR"",  CAST(NULL AS NVARCHAR(6))  ""VBAK_AUART"",  CAST(NULL AS DATE)  ""LIKP_WADAT"",  CAST(NULL AS NVARCHAR(20))  ""LIKP_LIFEX"",  CAST(NULL AS NVARCHAR(10))  ""TRSO_VBELV"",  CAST(NULL AS NVARCHAR(6))  ""TRSO_POSNV"",  CAST(NULL AS NVARCHAR(10))  ""ICPO_VBKD_BSTKD"",  CAST(NULL AS NVARCHAR(6))  ""ICPO_VBKD_POSNR"",  CAST(NULL AS NVARCHAR(10))  ""ICSO_VBKD_VBELN"",  CAST(NULL AS NVARCHAR(6))  ""ICSO_VBKD_POSNR"",  CAST(NULL AS NVARCHAR(10))  ""TRPO_VBELN"",  CAST(NULL AS NVARCHAR(6))  ""TRPO_POSNN"",  CAST(NULL AS NVARCHAR(4))  ""VBEP_BANFN"",  CAST(NULL AS NVARCHAR(4))  ""VBEP_BNFPO"",  CAST(NULL AS NVARCHAR(10))  ""EBAN_EBELN"",  CAST(NULL AS NVARCHAR(6))  ""EBAN_EBELP"",  CAST(NULL AS DECIMAL(17,3))  ""VBAP_KWMENG"",  CAST(NULL AS DECIMAL(17,3))  ""VBAP_KLMENG"",  CAST(NULL AS DECIMAL(17,3))  ""OPEN_ORDER_QT"",  CAST(NULL AS DECIMAL(17,3))  ""UNCONFIRMED_QT"",  CAST(NULL AS DECIMAL(17,3))  ""CALC_VBAP_KWMENG"",  CAST(NULL AS DECIMAL(17,3))  ""CALC_VBAP_KLMENG"",  CAST(NULL AS DECIMAL(17,3))  ""CALC_PGI_LIPS_LFIMG"",  CAST(NULL AS DECIMAL(17,3))  ""CALC_OPEN_ORDER_QT"",  CAST(NULL AS DECIMAL(17,3))  ""CALC_CONFIRMED_QT"",  CAST(NULL AS DECIMAL(17,3))  ""CALC_UNCONFIRMED_QT"",  CAST(NULL AS DECIMAL(17,3))  ""VBAP_NETPR"",  CAST(NULL AS DATE)  ""VBAP_ERDAT"",  CAST(NULL AS DATE)  ""VBEP_WADAT"",  CAST(NULL AS DATE)  ""VBEP_ZZ_ERRD"",  CAST(NULL AS DATE)  ""LIPS_ZZ_ERRD"",  CAST(NULL AS DATE)  ""VBAP_ZZTSD"",  CAST(NULL AS DATE)  ""VBAP_ZZTDD""",0,222106,2021.01.12 15:20:16,2021.01.12 15:05:04,2021.01.12 15:20:15
15,hpiq5bdb01,9.56578E+14,24090385,RUNNING,295,2021.01.12 15:18:00,61.94,61.94,"SELECT TOP 5000 ""0COMPANY"", ""0COMPANY___T"", ""0COMP_CODE___T"", ""0DISTR_CHAN___T"", ""0DISTR_CHAN___TXTSH"", ""DATE_SQL"", ""DATE_SAP"", ""YEAR"", ""QUARTER"", ""MONTH"", ""WEEK"", ""WEEK_YEAR"", ""DAY_OF_WEEK"", ""DAY"", ""CALQUARTER"", ""CALMONTH"", ""CALWEEK"", ""YEAR_INT"", ""QUARTER_INT"", ""MONTH_INT"", ""WEEK_INT"", ""WEEK_YEAR_INT"", ""DAY_OF_WEEK_INT"", ""DAY_INT"", ""FISCAL_QTR"", ""FISCAL_YR_INT"", ""FISCAL_YR_HALF_NO"", ""Today_DATE_SQL"", ""Today_DATE_SAP"", ""Today_QUARTER"", ""Today_MONTH"", ""Today_WEEK"", ""Today_DAY_OF_WEEK"", ""Today_CALQUARTER"", ""Today_CALWEEK"", ""Today_YEAR_INT"", ""Today_QUARTER_INT"", ""Today_MONTH_INT"", ""Today_WEEK_INT"", ""Today_WEEK_YEAR_INT"", ""Today_DAY_OF_WEEK_INT"", ""Today_FISCAL_QTR"", ""Today_FISCAL_YR_INT"", ""Today_FISCAL_YR_HALF_NO"", ""PAST_30_DAYS_FG"", ""PAST_60_DAYS_FG"", ""PAST_90_DAYS_FG"", ""PAST_120_DAYS_FG"", ""RLTV_MTH_NR"", ""RLTV_QTR_NR"", ""RLTV_YR_NR"", ""RLTV_FISC_QTR_NR"", ""RLTV_DAY_NR"", ""RLTV_WEEK_NR"", ""RLTV_FISC_YR_NR"", ""RLTV_FISC_HALF_NR"", ""CAL_YEAR_START_DATE"", ""CAL_YEAR_END_DATE"", ""CALQUARTER_START_DATE"", ""CALQUARTER_END_DATE"", ""MONTH_START_DATE"", ""MONTH_END_DATE"", ""WEEK_START_DATE"", ""WEEK_END_DATE"", ""FISCAL_YEAR_START_DATE"", ""FISCAL_YEAR_END_DATE"", ""FISCAL_QUARTER_START_DATE"", ""FISCAL_QUARTER_END_DATE"", ""CLDR_DAY_CD"", ""CLDR_DAY_NM"", ""CLDR_DT"", ""CLDR_DT_DD_MM_YYYY_CD"", ""CLDR_DT_DD_MON_YYYY_CD"", ""CLDR_DT_MM_DD_YYYY_CD"", ""CLDR_DT_YYYYMMDD_CD"", ""CLDR_DT_YYYY_MM_DD_CD"", ""CLDR_MTH_ABBR_CD"", ""CLDR_MTH_NM"", ""CLDR_FRI_TO_THU_WEEK_END_DT"", ""FRI_TO_THRU_DAY_OF_THE_WEEK_INT"", ""CLDR_FRI_TO_THU_WEEK_STRT_DT"", ""CLDR_YR_HALF_NO"", ""CLDR_HALF_CD"", ""CLDR_HALF_END_DT"", ""CLDR_HALF_STRT_DT"", ""CLDR_HALF_YR_CD"", ""CLDR_ISO_WEEK_END_DT"", ""CLDR_ISO_WEEK_STRT_DT"", ""CLDR_ISO_YR_WEEK_CD"", ""CLDR_LAST_DAY_OF_HALF_FG"", ""CLDR_LAST_DAY_OF_MTH_FG"", ""CLDR_MTH_STRT_DT"", ""CLDR_MTH_END_DT"", ""CLDR_LAST_DAY_OF_QTR_FG"", ""CLDR_MTH_NR"", ""CLDR_LAST_DAY_OF_YR_FG"", ""CLDR_MTH_YR_CD"", ""CLDR_QTR_CD"", ""CLDR_QTR_END_DT"", ""CLDR_QTR_STRT_DT"", ""CLDR_QTR_NR"", ""CLDR_QTR_YR_CD"", ""SAT_TO_FRI_DAY_OF_THE_WEEK_INT"", ""CLDR_SAT_TO_FRI_WEEK_END_DT"", ""CLDR_SAT_TO_FRI_WEEK_STRT_DT"", ""SUN_TO_SAT_DAY_OF_THE_WEEK_INT"", ""CLDR_SUN_TO_SAT_WEEK_END_DT"", ""CLDR_SUN_TO_SAT_WEEK_STRT_DT"", ""THU_TO_WED_DAY_OF_THE_WEEK_INT"", ""CLDR_THU_TO_WED_WEEK_END_DT"", ""CLDR_THU_TO_WED_WEEK_STRT_DT"", ""TUE_TO_MON_DAY_OF_THE_WEEK_INT"", ""CLDR_TUE_TO_MON_WEEK_END_DT"", ""CLDR_TUE_TO_MON_WEEK_STRT_DT"", ""WED_TO_TUE_DAY_OF_THE_WEEK_INT"", ""CLDR_WED_TO_TUE_WEEK_END_DT"", ""CLDR_WED_TO_TUE_WEEK_STRT_DT"", ""CLDR_YR_END_DT"", ""CLDR_YR_HALF_CD"", ""CLDR_YR_MTH_CD"", ""CLDR_YR_MTH_DSPLY_CD"", ""CLDR_YR_QTR_DSPLY_CD"", ""FISC_HALF_END_DT"", ""FISC_HALF_STRT_DT"", ""FISC_LAST_DAY_OF_HALF_FG"", ""FISC_LAST_DAY_OF_QTR_FG"", ""FISC_LAST_DAY_OF_YR_FG"", ""FISC_YR_MTH_DSPLY_CD"", ""FISC_YR_NM"", ""FISC_YR_NR"", ""CF_CLDR_ISO_WEEK_STRT_DT"", ""CF_CLDR_MTH_END_DT"", ""CF_CLDR_MTH_STRT_DT"", ""CF_CLDR_QTR_END_DT"", ""CF_CLDR_QTR_STRT_DT"", ""CF_CLDR_SAT_TO_FRI_WEEK_END_DT"", ""CF_CLDR_YR_END_DT"", ""CF_CLDR_YR_STRT_DT"", ""CLDR_YR_STRT_DT"", ""CF_FISC_HALF_END_DT"", ""CF_FISC_HALF_STRT_DT"", ""CF_FISC_QTR_END_DT"", ""FISC_QTR_END_DT"", ""CF_FISC_QTR_STRT_DT"", ""FISC_QTR_STRT_DT"", ""CF_FISC_YR_END_DT"", ""FISC_YR_END_DT"", ""CF_FISC_YR_STRT_DT"", ""FISC_YR_STRT_DT"", ""CF_CLDR_SAT_TO_FRI_WEEK_STRT_DT"", ""CF_CLDR_SUN_TO_SAT_WEEK_END_DT"", ""CF_CLDR_SUN_TO_SAT_WEEK_STRT_DT"", ""CF_CLDR_THU_TO_WED_WEEK_END_DT"", ""CF_CLDR_TUE_TO_MON_STRT_DT"", ""CLDR_TUE_TO_MON_STRT_DT"", ""CF_CLDR_TUE_TO_MON_WEEK_END_DT"", ""CF_CLDR_WED_TO_TUE_WEEK_END_DT"", ""CF_CLDR_FRI_TO_THU_WEEK_END_DT"", ""CF_CLDR_FRI_TO_THU_WEEK_STRT_DT"", ""CF_CLDR_ISO_WEEK_END_DT"", ""CF_CLDR_HALF_STRT_DT"", ""CF_CLDR_HALF_END_DT"", ""CF_CLDR_DT"", ""FISC_YR_QTR_CD"", ""FISC_YR_QTR_DSPLY_CD"", ""CLDR_YR_NR"", ""CLDR_YR_QTR_CD"", ""FISC_HALF_CD"", ""FISC_HALF_NR"", ""FISC_QTR_CD"", ""FISC_QTR_NR"", ""FISC_QTR_YR_CD"", ""FISC_YR_HALF_CD"", ""FISC_YR_MTH_CD"", ""MYREFDATE"", ""FISC_YR_PERIOD"", ""FISC_PERIOD"", ""FISC_YR_PRD_TEXT"", ""0DIVISION___T"", ""0DIVISION___TXTSH"", ""0MATERIAL___T"", ""0MATERIAL___TXTMD"", ""0MATL_CAT"", ""0MATL_CAT___T"", ""0MATL_GROUP"", ""0MATL_GROUP___T"", ""0MATL_TYPE"", ""0MATL_TYPE___T"", ""0PROD_HIER___T"", ""0DOC_TYPE___T"", ""0DOC_TYPE___TXTSH"", ""SPRAS"", ""Billing_Type_text"", ""Material_Hier_L0_Cd"", ""Material_Hier_L0_Dn"", ""Material_Hier_L0_Nm"", ""Material_Hier_L1_Cd"", ""Material_Hier_L1_Dn"", ""Material_Hier_L1_Nm"", ""Material_Hier_L2_Cd"", ""Material_Hier_L2_Dn"", ""Material_Hier_L2_Nm"", ""Material_Hier_L3_Cd"", ""Material_Hier_L3_Dn"", ""Material_Hier_L3_Nm"", ""Material_Hier_L4_Cd"", ""Material_Hier_L4_Dn"", ""Material_Hier_L4_Nm"", ""Material_Hier_L5_Cd"", ""Material_Hier_L5_Dn"", ""Material_Hier_L5_Nm"", ""Material_Hier_L6_Cd"", ""Material_Hier_L6_Dn"", ""Material_Hier_L6_Nm"", ""Material_Hier_L7_Cd"", ""Material_Hier_L7_Nm"", ""BILL_TO_PARTY_KNA1_LAND1"", ""BILL_TO_PARTY_KNA1_ORT01"", ""BILL_TO_PARTY_KNA1_PSTLZ"", ""BILL_TO_PARTY_KNA1_REGIO"", ""BILL_TO_PARTY_KNA1_STRAS"", ""BILL_TO_PARTY_KNA1_TELF1"", ""BILL_TO_PARTY_KNA1_KTOKD"", ""BILL_TO_PARTY_KNA1_KUKLA"", ""BILL_TO_PARTY_KNA1_COUNC"", ""BILL_TO_PARTY_KNA1_CITYC"", ""BILL_TO_PARTY_KNA1_RPMKR"", ""BILL_TO_PARTY_KNA1_BRAN1"", ""BILL_TO_PARTY_KNA1_FITYP"", ""BILL_TO_PARTY_KNA1_J_1KFREPRE"", ""BILL_TO_PARTY_",0,222720,2021.01.12 15:20:16,2021.01.12 15:18:00,2021.01.12 15:20:15
1,hpiq5bdb01,1.03139E+15,24092351,RUNNING,441,2021.01.12 15:20:15,0,0,"SELECT C.HOST  , S.STATEMENT_ID  , C.USER_NAME  , C.CONNECTION_STATUS  , C.TRANSACTION_ID  , S.LAST_EXECUTED_TIME  , ROUND(S.ALLOCATED_MEMORY_SIZE/1024/1024/1024,2) AS ""ALLOC MEM (GB)""  , ROUND(S.USED_MEMORY_SIZE/1024/1024/1024,2) AS ""USED MEM (GB)""  , to_varchar(S.STATEMENT_STRING) AS STATEMENT_STRING  , S.TOTAL_EXECUTION_TIME  , S.CONNECTION_ID  , cast(S.COMPILED_TIME as timestamp) as COMPILED_TIME  , cast(CURRENT_TIMESTAMP as timestamp) as CURRENT_DATETIME  FROM M_CONNECTIONS C, M_ACTIVE_STATEMENTS S  WHERE  S.CONNECTION_ID = C.CONNECTION_ID AND C.CONNECTION_STATUS != 'IDLE' AND S.USED_MEMORY_SIZE >= '107374'",0,240139,2021.01.12 15:20:16,2021.01.12 15:20:15,2021.01.12 15:20:15
11,hpiq5bdb01,9.56161E+14,24090385,RUNNING,48,2021.01.12 15:07:08,0,0,"CALL ""ODW_COMMON"".""HP_ERP.Personal-Systems.Propagation-1.SD::SP_OPEN_ORDERS_SHIPMENTS_ALLOCATION""()",0,222623,2021.01.12 15:20:16,2021.01.12 15:07:08,2021.01.12 15:20:15
17,hpiq5bdb01,9.6369E+14,24091503,RUNNING,399,2021.01.12 15:07:01,37.04,37.04,"SELECT TOP 20000 DISTINCT ""ACDOCA_RBUKRS"", ""ACDOCA_RLDNR"", ""ACDOCA_RACCT"", ""ACDOCA_FISCYEARPER"" FROM   ""_SYS_BIC"".""HP_ERP.Personal-Systems.Reporting.FI/CV_C_R01_CREDIT_COLLECTIONS_HIGH_RADIUS""   ('PLACEHOLDER' = ('$$Company_Code_Filter$$', '''*'''), 'PLACEHOLDER' = ('$$Fiscal_Year_Period_Starting$$', '*'),    'PLACEHOLDER' = ('$$IP_GL_ACCOUNT$$', '0001100008'), 'PLACEHOLDER' = ('$$Ledger_Code_Filter$$', '0L'),    'PLACEHOLDER' = ('$$Fiscal_Year_Period_Ending$$', '*'), 'PLACEHOLDER' = ('$$Key_Date$$', '20201211'))    ORDER BY ""ACDOCA_RBUKRS"" ASC, ""ACDOCA_RLDNR"" ASC, ""ACDOCA_RACCT"" ASC, ""ACDOCA_FISCYEARPER"" ASC",0,224376,2021.01.12 15:20:16,2021.01.12 15:06:55,2021.01.12 15:20:15
13,hpiq5bdb01,9.56521E+14,24090385,RUNNING,262,2021.01.12 15:18:27,99.27,99.27,"SELECT TOP 5000 ""Company_Name"", ""T005T_LAND1_COUNTRY"", ""T005T_LANDX_COUNTRY"", ""T005T_LANDX50_COUNTRY"", ""Cost_Center_Name"", ""Profit_Center_Name"", ""Functional_Area_Name"", ""Company_ID_of_trading_partner_Text"", ""Partner_Profit_Center_Text"", ""Partner_Segment_Text"", ""Partner_Functional_Area_Name"", ""Sender_Cost_Center_Text"", ""Business_Area_Text"", ""Document_Type_Text"", ""Transaction_Type_Text"", ""Business_Transaction_Type_Text"", ""Segment_Name"", ""Calendar_Quarter"", ""Calendar_Month"", ""Calendar_Year_Month"", ""Calendar_Year_Number"", ""FISC_YR_PRD_TEXT"", ""Segment_Hier_LEAF_NODE"", ""Segment_Hier_HIEID"", ""Segment_Hier_Level0"", ""Segment_Hier_Desc_Level0"", ""Segment_Hier_Level1"", ""Segment_Hier_Desc_Level1"", ""Segment_Hier_Level2"", ""Segment_Hier_Desc_Level2"", ""Segment_Hier_Level3"", ""Segment_Hier_Desc_Level3"", ""Segment_Hier_Level4"", ""Segment_Hier_Desc_Level4"", ""Segment_Hier_Level5"", ""Segment_Hier_Desc_Level5"", ""Segment_Hier_Level6"", ""Segment_Hier_Desc_Level6"", ""Time_Hier_Month"", ""Time_Hier_Fiscal_Quarter"", ""Time_Hier_Fisacal_Year"", ""Time_Hier_Fiscal_Year_Half_Num"", ""FUNC_AREA_LEAF_NODE"", ""Func_Area_Hier_HIEID"", ""Func_Area_Hier_Level0"", ""Func_Area_Hier_Desc_Level0"", ""Func_Area_Hier_Level1"", ""Func_Area_Hier_Desc_Level1"", ""Func_Area_Hier_Level2"", ""Func_Area_Hier_Desc_Level2"", ""Func_Area_Hier_Level3"", ""Func_Area_Hier_Desc_Level3"", ""Func_Area_Hier_Level4"", ""Func_Area_Hier_Desc_Level4"", ""Func_Area_Hier_Level5"", ""Func_Area_Hier_Desc_Level5"", ""Func_Area_Hier_Level6"", ""Func_Area_Hier_Desc_Level6"", ""Func_Area_Hier_Level7"", ""Func_Area_Hier_Desc_Level7"", ""Func_Area_Hier_Level8"", ""Func_Area_Hier_Desc_Level8"", ""Func_Area_Hier_Level9"", ""Func_Area_Hier_Desc_Level9"", ""Func_Area_Hier_Level10"", ""Func_Area_Hier_Desc_Level10"", ""Func_Area_Hier_Level11"", ""Func_Area_Hier_Desc_Level11"", ""Func_Area_Hier_Level12"", ""Func_Area_Hier_Desc_Level12"", ""Cost_Center_Hier_Level0"", ""Cost_Center_Hier_Desc_Level0"", ""Cost_Center_Hier_Level7"", ""Cost_Center_Hier_Desc_Level7"", ""Cost_Center_Hier_Level2"", ""Cost_Center_Hier_Desc_Level2"", ""Cost_Center_Hier_Level1"", ""Cost_Center_Hier_Desc_Level1"", ""Cost_Center_Hier_Level3"", ""Cost_Center_Hier_Desc_Level3"", ""Cost_Center_Hier_Level4"", ""Cost_Center_Hier_Desc_Level4"", ""Cost_Center_Hier_Level5"", ""Cost_Center_Hier_Desc_Level5"", ""Cost_Center_Hier_Level6"", ""Cost_Center_Hier_Desc_Level6"", ""Cost_Pool_Hier_Level0"", ""Cost_Pool_Hier_Desc_Level0"", ""Cost_Pool_Hier_Level1"", ""Cost_Pool_Hier_Desc_Level1"", ""Cost_Pool_Hier_Level2"", ""Cost_Pool_Hier_Desc_Level2"", ""Cost_Pool_Hier_Level3"", ""Cost_Pool_Hier_Desc_Level3"", ""Cost_Pool_Hier_Level4"", ""Cost_Pool_Hier_Desc_Level4"", ""Financial_Owner_Hier_Level0"", ""Financial_Owner_Hier_Desc_Level0"", ""Financial_Owner_Hier_Level1"", ""Financial_Owner_Hier_Desc_Level1"", ""Financial_Owner_Hier_Level2"", ""Financial_Owner_Hier_Desc_Level2"", ""Financial_Owner_Hier_Level3"", ""Financial_Owner_Hier_Desc_Level3"", ""Financial_Owner_Hier_Level4"", ""Financial_Owner_Hier_Desc_Level4"", ""Financial_Owner_Hier_Level5"", ""Financial_Owner_Hier_Desc_Level5"", ""Financial_Owner_Hier_Level6"", ""Financial_Owner_Hier_Desc_Level6"", ""Financial_Owner_Hier_Level7"", ""Financial_Owner_Hier_Desc_Level7"", ""Profit_Center_Hier_Level4"", ""Profit_Center_Hier_Level0"", ""Profit_Center_Hier_Level1"", ""Profit_Center_Hier_Level2"", ""Profit_Center_Hier_Level3"", ""Profit_Center_Hier_Level5"", ""Profit_Center_Hier_Level6"", ""Profit_Center_Hier_Desc_Level0"", ""Profit_Center_Hier_Desc_Level1"", ""Profit_Center_Hier_Desc_Level2"", ""Profit_Center_Hier_Desc_Level3"", ""Profit_Center_Hier_Desc_Level4"", ""Profit_Center_Hier_Desc_Level5"", ""Profit_Center_Hier_Desc_Level6"", ""CC_LEAF_CONTROLLING_AREA"", ""Profit_And_Loss_Hier_Level0"", ""Profit_And_Loss_Hier_Desc_Level0"", ""Profit_And_Loss_Hier_Level1"", ""Profit_And_Loss_Hier_Desc_Level1"", ""Profit_And_Loss_Hier_Level2"", ""Profit_And_Loss_Hier_Desc_Level2"", ""profit_And_Loss_Hier_Level3"", ""Profit_And_Loss_Hier_Desc_Level3"", ""Profit_And_Loss_Hier_Level4"", ""Profit_And_Loss_Hier_Desc_Level4"", ""Profit_And_Loss_Hier_Level5"", ""Profit_And_Loss_Hier_Desc_Level5"", ""Profit_And_Loss_Hier_Level6"", ""Profit_And_Loss_Hier_Desc_Level6"", ""Profit_And_Loss_Hier_Level7"", ""Profit_And_Loss_Hier_Desc_Level7"", ""Profit_And_Loss_Hier_Level8"", ""Profit_And_Loss_Hier_Desc_Level8"", ""Profit_And_Loss_Hier_Level9"", ""Profit_And_Loss_Hier_Desc_Level9"", ""Balance_Sheet_Hier_Level0"", ""Balance_Sheet_Hier_Desc_Level0"", ""Balance_Sheet_Hier_Level1"", ""Balance_Sheet_Hier_Desc_Level1"", ""Balance_Sheet_Hier_Level2"", ""Balance_Sheet_Hier_Desc_Level2"", ""Balance_Sheet_Hier_Level3"", ""Balance_Sheet_Hier_Desc_Level3"", ""Balance_Sheet_Hier_Level4"", ""Balance_Sheet_Hier_Desc_Level4"", ""Balance_Sheet_Hier_Level5"", ""Balance_Sheet_Hier_Desc_Level5"", ""Balance_Sheet_Hier_Level6"", ""Balance_Sheet_Hier_Desc_Level6"", ""Balance_Sheet_Hier_Level7"", ""Balance_Sheet_Hier_Desc_Level7"", ""Balance_Sheet_Hier_Level8"", ""Balance_Sheet_Hier_Desc_Level8"", ""Company_Code_Hier_LEAF_NODE"", ""Company_Code_HIEID"", ""Company_Code_Hier_Level0"", ""Company_Code_Hier_Desc_Level0"", ""Company_Code_Hier_LevelL6"", ""Company_Code_Hier_Desc_Level6"", ""Company_Co",0,222707,2021.01.12 15:20:16,2021.01.12 15:18:03,2021.01.12 15:20:15
12,hpiq5bdb01,9.56185E+14,24090385,RUNNING,267,2021.01.12 15:18:08,22.22,22.22,"Call ""ODW_COMMON"".""HP_ERP.MASTER_DATA::SP_ORDER_STATUS_SNAPSHOT"" ()",0,222629,2021.01.12 15:20:16,2021.01.12 15:18:08,2021.01.12 15:20:15
9,hpiq5bdb01,9.53941E+14,SAPABAP1,RUNNING,98,2021.01.12 15:05:02,41.15,41.15,"CALL  ""ODW_COMMON"".""HP_ERP.Personal-Systems.Propagation-1.SD::SP_OPEN_ORDERS_SHIPMENTS_ALLOCATION""",0,222106,2021.01.12 15:20:16,2021.01.12 15:05:02,2021.01.12 15:20:15
14,hpiq5bdb01,9.56577E+14,24090385,RUNNING,295,,0,0,,0,222720,2021.01.12 15:20:16,,2021.01.12 15:20:15
8,hpiq5bdb01,1.43496E+15,24091503,RUNNING,95,,0,0,,0,334102,2021.01.12 15:20:16,,2021.01.12 15:20:15
6,hpiq5bdb01,1.43484E+15,24091503,RUNNING,23,2021.01.12 15:06:49,185.46,185.46,"select top 20000 * from ""_SYS_BIC"".""HP_ERP.Personal-Systems.Data-Mart.FI/CV_C_D01_RAR_POSTED_FORECASTED""",0,334073,2021.01.12 15:20:16,2021.01.12 15:06:49,2021.01.12 15:20:15
7,hpiq5bdb01,1.43496E+15,24091503,RUNNING,95,2021.01.12 15:06:41,651.31,651.31,"select top 100000 * from ""_SYS_BIC"".""HP_ERP.Personal-Systems.Data-Mart.OTC/CV_S_D01_ATTAIN_MS""",0,334102,2021.01.12 15:20:16,2021.01.12 15:06:41,2021.01.12 15:20:15
4,hpiq5bdb01,1.2991E+15,SAPABAP1,RUNNING,112,,0.68,0.68,,0,302471,2021.01.12 15:20:16,,2021.01.12 15:20:15
5,hpiq5bdb01,1.39586E+15,24090385,RUNNING,32,2021.01.12 15:07:06,188.47,188.47,"select top 100000 * from ""_SYS_BIC"".""HP_ERP.Personal-Systems.Data-Mart.FI/CV_C_D01_RAR_POSTED_FORECASTED""",789984481,324998,2021.01.12 15:20:16,2021.01.12 11:01:13,2021.01.12 15:20:15
3,hpiq5bdb01,1.2991E+15,SAPABAP1,RUNNING,112,2021.01.12 15:04:02,0,0,"/* procedure: ""ODW_COMMON"".""HP_ERP.Personal-Systems.Data-Mart.OTC::SP_ATTAIN_ACTUAL_RAC_APAC"" variable: TMP_TAB line: 35 col: 1 (at pos 1754) */ Select  TO_DATE(ADD_DAYS(CURRENT_DATE,0),'YYYY-MM-DD') AS ""SNAPSHOT_DATE"",  ROW_NUMBER() OVER() AS ""RNUM"", ""ACDOCA_BUDAT"", ""ACDOCA_KDAUF"", ""ACDOCA_KDPOS"", ""ACDOCA_KUNNR"",   ""ACDOCA_WERKS"", ""ACDOCA_MATNR"", ""ACDOCA_PRCTR"",  ""ACDOCA_SEGMENT"", ""Segment_Hier_Desc_Level0"", 	 ""Segment_Hier_Desc_Level1"", 	 ""Segment_Hier_Desc_Level2"", 	 ""Segment_Hier_Desc_Level3"", 	 ""Segment_Hier_Desc_Level5"", 	 ""Segment_Hier_Desc_Level4"", 	 ""Segment_Hier_Desc_Level6"", ""ACDOCA_KOKRS"",   ""ACDOCA_KTOPL"",  ""ACDOCA_RWCUR"",  ""ACDOCA_RHCUR"",  ""ACDOCA_RCNTR"",    ""PH_PRODUCT_CATEGORY_GROUP"",  ""PH_MARKETING_SORT_SEQ_NR"",  ""PRODUCT_TYPE_NM"",  ""Product_Hierarchy_Product_Line_Code"",  ""PH_ITEM_NM"",  ""PH_ITEM_DN"",  ""PH_LEVEL_CD"",  ""PH_LEVEL_NR"",  ""PH_LEVEL_NM"",  ""PH_LEVEL_01_CD"",  ""PH_LEVEL_01_NM"",  ""PH_LEVEL_01_DN"",  ""PH_LEVEL_02_CD"",  ""PH_LEVEL_02_NM"",  ""PH_LEVEL_02_DN"",  ""PH_LEVEL_03_CD"",  ""PH_LEVEL_03_NM"",  ""PH_LEVEL_03_DN"",  ""PH_LEVEL_04_CD"",  ""PH_LEVEL_04_NM"",  ""PH_LEVEL_04_DN"",  ""PH_LEVEL_05_CD"",  ""PH_LEVEL_05_NM"", ""PH_LEVEL_05_DN"",  ""PH_LEVEL_06_CD"",  ""PH_LEVEL_06_NM"",  ""PH_LEVEL_06_DN"",  ""PH_LEVEL_07_CD"",  ""PH_LEVEL_07_NM"",  ""PH_LEVEL_07_DN"",  ""PRODUCT_TYPE"",  ""PIN"", ""PH_PROD_CAT_TEXT"", ""ACDOCA_RBUKRS"",  ""VBKD_KDGRP"",  ""VBAK_KVGR1"",  ""VBAK_AUART"", ""Flash_Attainment_Flag"", ""Sales_Order_Type_Code"", ""Sales_Order_Type_Description"", ""Sales_Order_Type_Category"", ""VBAK_VKORG"",  ""VBAK_SPART"",  ""VBAK_VTWEG"",  ""VBAK_VKBUR"",  ""VBAK_VKGRP"",  ""VBAK_AUGRU"",  ""VBAK_GSBER"",  ""VBKD_BZIRK"",  ""VBAK_VSBED"",   ""VBKD_VSART"",   ""VBKD_ZLSCH"",   ""VVSTEL"",   ""VBAP_FAKSP"",   ""VBAP_ABGRU"",   ""VBAP_LGORT"",   ""VBAP_ROUTE"",   ""VBPA_H_Sold_To_Party"",   ""VBPA_H_Payer"",   ""VBPA_Payer"",   ""VBPA_H_End_Customer"",   ""VBPA_H_Bill_To_Party"",   ""HEADER_Ship_To_Party"",   ""Payer"", ""VBPA_Sold_To_Party"",   ""VBPA_End_Customer"",   ""VBPA_Bill_To_Party"",   ""Ship_To_Party"",   ""Bill_To_Party"",   ""Sold_To_Party"",   ""End_Customer"",   ""VBAP_KTGRM"",   ""VBAK_KVGR5"",   sum(""ACDOCA_MSL"") AS ""ACDOCA_MSL"", sum(""ACDOCA_WSL"") AS ""ACDOCA_WSL"", sum(""ACDOCA_HSL"") AS ""ACDOCA_HSL"", sum(""TRADE_SALES_CC"") AS ""TRADE_SALES_CC"", sum(""TRADE_SALES_DC"") AS ""TRADE_SALES_DC"", sum(""LEAST_INTEREST_INCOME_CC"") AS ""LEAST_INTEREST_INCOME_CC"", sum(""LEAST_INTEREST_INCOME_DC"") AS ""LEAST_INTEREST_INCOME_DC"", sum(""GROSS_IC_SHIPMENTS_CC"") AS ""GROSS_IC_SHIPMENTS_CC"", sum(""GROSS_IC_SHIPMENTS_DC"") AS ""GROSS_IC_SHIPMENTS_DC"", sum(""OTHER_REVENUE_CC"") AS ""OTHER_REVENUE_CC"", sum(""OTHER_REVENUE_DC"") AS ""OTHER_REVENUE_DC"", sum(""CONTRACTUAL_DISCOUNTS_CC"") AS ""CONTRACTUAL_DISCOUNTS_CC"", sum(""CONTRACTUAL_DISCOUNTS_DC"") AS ""CONTRACTUAL_DISCOUNTS_DC"", sum(""SPECIAL_NEGOTIATED_DISC_CC"") AS ""SPECIAL_NEGOTIATED_DISC_CC"", sum(""SPECIAL_NEGOTIATED_DISC_DC"") AS ""SPECIAL_NEGOTIATED_DISC_DC"", sum(""PRODUCT_CATEGORY_CC"") AS ""PRODUCT_CATEGORY_CC"", sum(""PRODUCT_CATEGORY_DC"") AS ""PRODUCT_CATEGORY_DC"", sum(""PRODUCT_RETURNS_CC"") AS ""PRODUCT_RETURNS_CC"", sum(""PRODUCT_RETURNS_DC"") AS ""PRODUCT_RETURNS_DC"", sum(""PRICE_PROTECTION_CC"") AS ""PRICE_PROTECTION_CC"", sum(""PRICE_PROTECTION_DC"") AS ""PRICE_PROTECTION_DC"", sum(""PARTNER_PROGRAMS_CC"") AS ""PARTNER_PROGRAMS_CC"", sum(""PARTNER_PROGRAMS_DC"") AS ""PARTNER_PROGRAMS_DC"", sum(""OTHER_DISCOUNTS_CC"") AS ""OTHER_DISCOUNTS_CC"", sum(""OTHER_DISCOUNTS_DC"") AS ""OTHER_DISCOUNTS_DC"", sum(""TRD_DISC_ON_SUPT_SVC_CC"") AS ""TRD_DISC_ON_SUPT_SVC_CC"", sum(""TRD_DISC_ON_SUPT_SVC_DC"") AS ""TRD_DISC_ON_SUPT_SVC_DC"", sum(""FOREX_GAINS_LOSSES_CC"") AS ""FOREX_GAINS_LOSSES_CC"", sum(""FOREX_GAINS_LOSSES_DC"") AS ""FOREX_GAINS_LOSSES_DC"", sum(""ROYALTY_INCOME_CC"") AS ""ROYALTY_INCOME_CC"", sum(""ROYALTY_INCOME_DC"") AS ""ROYALTY_INCOME_DC"", sum(""COST_OF_PROD_SVC_CC"") AS ""COST_OF_PROD_SVC_CC"", sum(""COST_OF_PROD_SVC_DC"") AS ""COST_OF_PROD_SVC_DC"", sum(""PER_EXP_SUPPLY_CHAIN_COST_CC"") AS ""PER_EXP_SUPPLY_CHAIN_COST_CC"", sum(""PER_EXP_SUPPLY_CHAIN_COST_DC"") AS ""PER_EXP_SUPPLY_CHAIN_COST_DC"", sum(""WARRANTY_CC"") AS ""WARRANTY_CC"", sum(""WARRANTY_DC"") AS ""WARRANTY_DC"", sum(""END_OF_LIFE_COST_CC"") AS ""END_OF_LIFE_COST_CC"", sum(""END_OF_LIFE_COST_DC"") AS ""END_OF_LIFE_COST_DC"",  sum(""OTHER_COS_CC"") AS ""OTHER_COS_CC"",  sum(""OTHER_COS_DC"") AS ""OTHER_COS_DC"", TO_DATE(now()) AS ""ETL_LOAD_DATE"", TO_TIME(now()) AS ""ETL_LOAD_TIME"", ""PH_GBU_TEXT"", ""PH_SUB_GRP_TEXT"", ""PH_BUS_GRP_TEXT"", ""PH_EXT_SEG_TEXT_TMP"", ""PH_EXT_SEG_TEXT"", sum(""TRADE_SALES_GC"") AS ""TRADE_SALES_GC"", sum(""LEAST_INTEREST_INCOME_GC"") AS ""LEAST_INTEREST_INCOME_GC"",   sum(""GROSS_IC_SHIPMENTS_GC"") AS ""GROSS_IC_SHIPMENTS_GC"",    sum(""OTHER_REVENUE_GC"") AS ""OTHER_REVENUE_GC"",     sum(""CONTRACTUAL_DISCOUNTS_GC"") AS ""CONTRACTUAL_DISCOUNTS_GC"",      sum(""SPECIAL_NEGOTIATED_DISC_GC"") AS ""SPECIAL_NEGOTIATED_DISC_GC"",       sum(""PRODUCT_CATEGORY_GC"") AS ""PRODUCT_CATEGORY_GC"",        sum(""PRODUCT_RETURNS_GC"") AS ""PRODUCT_RETURNS_GC"",         sum(""PRICE_PROTECTION_GC"") AS ""PRICE_PROTECTION_GC"",          sum(""PARTNER_PROGRAMS_GC"") AS ""PARTNER_PROGRAMS_GC"",           sum(""OTHER_DISCOUNTS_",0,302471,2021.01.12 15:20:16,2021.01.12 15:03:57,2021.01.12 15:20:15
2,hpiq5bdb01,1.2991E+15,SAPABAP1,RUNNING,112,2021.01.12 15:03:57,233.07,233.07,"CALL  ""ODW_COMMON"".""HP_ERP.Personal-Systems.Data-Mart.OTC::SP_ATTAIN_ACTUAL_RAC_APAC""",0,302471,2021.01.12 15:20:16,2021.01.12 15:03:55,2021.01.12 15:20:15
